MeasurementDate,TempMax,TempMin,TempAvg,TempDeparture,HDD,CDD,Precipitation,NewSnow,SnowDepth
5/1/2022,83,50,66.5,1.4,0,2,0.82,0,0
5/2/2022,84,64,74,8.6,0,9,0,0,0
5/3/2022,89,65,77,11.4,0,12,T,0,0
5/4/2022,88,67,77.5,11.6,0,13,T,0,0
5/5/2022,76,62,69,2.9,0,4,0,0,0
5/6/2022,85,62,73.5,7.1,0,9,0.97,T,0
5/7/2022,75,53,64,-2.6,1,0,0.02,0,0
5/8/2022,53,47,50,-16.8,15,0,0.01,0,0
5/9/2022,71,44,57.5,-9.6,7,0,0,0,0
5/10/2022,75,48,61.5,-5.8,3,0,0,0,0
5/11/2022,77,53,65,-2.6,0,0,0,0,0
5/12/2022,70,62,66,-1.8,0,1,0.07,0,0
5/13/2022,78,63,70.5,2.4,0,6,T,0,0
5/14/2022,80,64,72,3.7,0,7,T,0,0
5/15/2022,86,61,73.5,4.9,0,9,0,0,0
5/16/2022,87,64,75.5,6.7,0,11,0.01,0,0
5/17/2022,84,53,68.5,-0.5,0,4,0,0,M
5/18/2022,87,55,71,1.7,0,6,0,0,0
5/19/2022,92,70,81,11.4,0,16,0.01,0,0
5/20/2022,96,66,81,11.2,0,16,T,0,0
5/21/2022,93,69,81,10.9,0,16,0.29,0,0
5/22/2022,90,69,79.5,9.2,0,15,T,0,0
5/23/2022,85,67,76,5.4,0,11,1.29,0,0
5/24/2022,80,61,70.5,-0.3,0,6,T,0,0
5/25/2022,68,60,64,-7.1,1,0,T,0,0
5/26/2022,82,61,71.5,0.1,0,7,0.01,0,0
5/27/2022,81,68,74.5,2.8,0,10,1.12,0,0
5/28/2022,82,61,71.5,-0.4,0,7,0.62,0,0
5/29/2022,88,59,73.5,1.3,0,9,0,0,0
5/30/2022,91,66,78.5,6,0,14,0,0,0
5/31/2022,92,68,80,7.3,0,15,0,0,0
1/1/2022,79,64,71.5,29.3,0,7,0.43,0,0
1/2/2022,70,59,64.5,22.4,0,0,0.81,0,0
1/3/2022,60,31,45.5,3.5,19,0,2.29,T,0
1/4/2022,44,26,35,-6.9,30,0,0,0,0
1/5/2022,59,30,44.5,2.7,20,0,T,0,0
1/6/2022,59,37,48,6.2,17,0,T,0,0
1/7/2022,52,27,39.5,-2.2,25,0,T,0,0
1/8/2022,42,21,31.5,-10.2,33,0,0,0,0
1/9/2022,66,37,51.5,9.9,13,0,0.62,0,0
1/10/2022,53,34,43.5,1.9,21,0,0,0,0
1/11/2022,41,27,34,-7.6,31,0,0,0,0
1/12/2022,53,25,39,-2.5,26,0,0,0,0
1/13/2022,53,27,40,-1.5,25,0,0,0,0
1/14/2022,56,37,46.5,5,18,0,0,0,0
1/15/2022,40,28,34,-7.5,31,0,0,0,0
1/16/2022,38,25,31.5,-10,33,0,1.22,T,T
1/17/2022,42,33,37.5,-4.1,27,0,0,T,0
1/18/2022,49,25,37,-4.6,28,0,0,0,0
1/19/2022,60,28,44,2.4,21,0,0,0,0
1/20/2022,50,30,40,-1.7,25,0,0.34,T,0
1/21/2022,30,22,26,-15.7,39,0,0.15,1.5,2
1/22/2022,35,19,27,-14.8,38,0,0.06,0.8,2
1/23/2022,47,17,32,-9.8,33,0,0,0,1
1/24/2022,52,27,39.5,-2.4,25,0,0,0,0
1/25/2022,61,35,48,6,17,0,0,0,0
1/26/2022,42,28,35,-7.1,30,0,0,0,0
1/27/2022,43,20,31.5,-10.7,33,0,0,0,0
1/28/2022,48,26,37,-5.3,28,0,T,T,0
1/29/2022,36,25,30.5,-11.9,34,0,0.05,0.4,T
1/30/2022,44,15,29.5,-13,35,0,0,0,0
1/31/2022,53,22,37.5,-5.1,27,0,0,0,0
2/1/2022,52,28,40,-2.7,25,0,0,0,0
2/2/2022,60,25,42.5,-0.4,22,0,0,0,0
2/3/2022,70,48,59,16,6,0,0.02,0,0
2/4/2022,67,47,57,13.9,8,0,0.3,0,0
2/5/2022,47,27,37,-6.3,28,0,0,0,0
2/6/2022,44,23,33.5,-9.9,31,0,0,0,0
2/7/2022,37,32,34.5,-9.1,30,0,0.53,0,0
2/8/2022,50,33,41.5,-2.3,23,0,0,0,0
2/9/2022,60,28,44,0.1,21,0,0,0,0
2/10/2022,67,33,50,5.9,15,0,0,0,0
2/11/2022,70,36,53,8.7,12,0,0,0,0
2/12/2022,73,44,58.5,14.1,6,0,0,0,0
2/13/2022,54,32,43,-1.6,22,0,T,0,0
2/14/2022,50,27,38.5,-6.3,26,0,0,0,0
2/15/2022,53,23,38,-7,27,0,0,0,0
2/16/2022,67,33,50,4.8,15,0,T,0,0
2/17/2022,75,53,64,18.6,1,0,0,0,0
2/18/2022,71,38,54.5,8.9,10,0,0.16,0,0
2/19/2022,60,28,44,-1.8,21,0,0,0,0
2/20/2022,54,26,40,-6,25,0,0,0,0
2/21/2022,71,32,51.5,5.3,13,0,0,0,0
2/22/2022,73,59,66,19.6,0,1,T,0,0
2/23/2022,71,55,63,16.4,2,0,0.09,0,0
2/24/2022,57,42,49.5,2.7,15,0,0.04,0,0
2/25/2022,69,42,55.5,8.5,9,0,0.01,0,0
2/26/2022,48,40,44,-3.2,21,0,0.02,0,0
2/27/2022,46,36,41,-6.5,24,0,0.19,0,0
2/28/2022,60,32,46,-1.7,19,0,0,0,0
3/1/2022,68,32,50,2.1,15,0,0,0,0
3/2/2022,76,42,59,10.9,6,0,0,0,0
3/3/2022,84,46,65,16.6,0,0,0,0,0
3/4/2022,60,41,50.5,1.9,14,0,0,0,0
3/5/2022,70,45,57.5,8.7,7,0,0,0,0
3/6/2022,81,62,71.5,22.4,0,7,0,0,0
3/7/2022,82,63,72.5,23.2,0,8,0.11,0,0
3/8/2022,63,49,56,6.4,9,0,0.39,0,0
3/9/2022,52,45,48.5,-1.3,16,0,0.42,0,0
3/10/2022,49,43,46,-4.1,19,0,0.05,0,0
3/11/2022,61,45,53,2.7,12,0,0.06,0,0
3/12/2022,60,28,44,-6.6,21,0,1.01,T,0
3/13/2022,52,23,37.5,-13.4,27,0,0,0,0
3/14/2022,67,32,49.5,-1.6,15,0,0,0,0
3/15/2022,71,39,55,3.6,10,0,0,0,0
3/16/2022,72,48,60,8.3,5,0,0.65,0,0
3/17/2022,70,55,62.5,10.5,2,0,0.55,0,0
3/18/2022,77,48,62.5,10.3,2,0,0,0,0
3/19/2022,79,61,70,17.5,0,5,0,0,0
3/20/2022,67,46,56.5,3.7,8,0,0,0,0
3/21/2022,71,34,52.5,-0.6,12,0,0,0,0
3/22/2022,76,47,61.5,8.1,3,0,0,0,0
3/23/2022,74,59,66.5,12.8,0,2,0.13,0,0
3/24/2022,73,59,66,12,0,1,0.47,0,0
3/25/2022,70,52,61,6.7,4,0,0,0,0
3/26/2022,62,44,53,-1.6,12,0,T,0,0
3/27/2022,60,34,47,-7.9,18,0,0,0,0
3/28/2022,61,29,45,-10.2,20,0,0,0,0
3/29/2022,55,30,42.5,-13,22,0,0,0,0
3/30/2022,75,40,57.5,1.7,7,0,0,0,0
3/31/2022,73,65,69,12.9,0,4,0.72,0,0
4/1/2022,69,46,57.5,1.1,7,0,0,0,0
4/2/2022,66,35,50.5,-6.2,14,0,0,0,0
4/3/2022,70,46,58,0.9,7,0,0,0,0
4/4/2022,68,38,53,-4.4,12,0,0,0,0
4/5/2022,76,52,64,6.3,1,0,0.36,0,0
4/6/2022,81,61,71,13,0,6,T,0,0
4/7/2022,80,54,67,8.7,0,2,0.05,0,0
4/8/2022,68,49,58.5,-0.1,6,0,0.16,T,0
4/9/2022,56,45,50.5,-8.4,14,0,0,0,0
4/10/2022,64,39,51.5,-7.7,13,0,0,0,0
4/11/2022,82,43,62.5,3,2,0,0,0,0
4/12/2022,83,60,71.5,11.7,0,7,T,0,0
4/13/2022,84,63,73.5,13.4,0,9,0,0,0
4/14/2022,82,67,74.5,14.1,0,10,0,0,0
4/15/2022,75,54,64.5,3.8,0,0,0.03,0,0
4/16/2022,76,51,63.5,2.5,1,0,0,0,0
4/17/2022,75,56,65.5,4.2,0,1,T,0,0
4/18/2022,56,41,48.5,-13.1,16,0,1.39,0,0
4/19/2022,59,39,49,-12.9,16,0,0,0,M
4/20/2022,66,34,50,-12.2,15,0,0,0,0
4/21/2022,75,43,59,-3.5,6,0,0,0,0
4/22/2022,83,53,68,5.3,0,3,0,0,0
4/23/2022,83,59,71,8,0,6,0,0,0
4/24/2022,84,59,71.5,8.2,0,7,0,0,0
4/25/2022,85,59,72,8.4,0,7,0,0,0
4/26/2022,88,60,74,10.2,0,9,0.06,0,0
4/27/2022,72,50,61,-3.1,4,0,0,0,0
4/28/2022,71,45,58,-6.3,7,0,0,0,0
4/29/2022,71,45,58,-6.6,7,0,0,0,0
4/30/2022,72,55,63.5,-1.4,1,0,T,0,0
1/1/2021,55,41,48,5.8,17,0,0.65,0,0
1/2/2021,57,42,49.5,7.4,15,0,0.6,0,0
1/3/2021,55,44,49.5,7.5,15,0,0.93,0,0
1/4/2021,49,34,41.5,-0.4,23,0,0,0,0
1/5/2021,48,29,38.5,-3.3,26,0,0,0,0
1/6/2021,51,34,42.5,0.7,22,0,0,0,0
1/7/2021,49,27,38,-3.7,27,0,0,0,0
1/8/2021,40,35,37.5,-4.2,27,0,0.35,T,0
1/9/2021,50,28,39,-2.6,26,0,0,0,0
1/10/2021,53,25,39,-2.6,26,0,0,0,0
1/11/2021,48,27,37.5,-4.1,27,0,0.05,0,0
1/12/2021,56,34,45,3.5,20,0,0.09,0,0
1/13/2021,57,26,41.5,0,23,0,0,0,0
1/14/2021,55,37,46,4.5,19,0,0,0,0
1/15/2021,57,33,45,3.5,20,0,0.24,0,0
1/16/2021,46,33,39.5,-2,25,0,T,0,0
1/17/2021,50,27,38.5,-3.1,26,0,0,0,0
1/18/2021,50,30,40,-1.6,25,0,0,0,0
1/19/2021,57,27,42,0.4,23,0,0,0,0
1/20/2021,54,31,42.5,0.8,22,0,0,0,0
1/21/2021,54,31,42.5,0.8,22,0,0.01,0,0
1/22/2021,60,36,48,6.2,17,0,0,0,0
1/23/2021,48,25,36.5,-5.3,28,0,0,0,0
1/24/2021,46,23,34.5,-7.4,30,0,0,0,0
1/25/2021,46,39,42.5,0.5,22,0,0.37,0,0
1/26/2021,48,41,44.5,2.4,20,0,0.37,0,0
1/27/2021,53,40,46.5,4.3,18,0,0.33,0,0
1/28/2021,40,29,34.5,-7.8,30,0,0.36,1.6,2
1/29/2021,39,25,32,-10.4,33,0,0,0,0
1/30/2021,44,20,32,-10.5,33,0,T,0,0
1/31/2021,38,33,35.5,-7.1,29,0,1.07,T,0
2/1/2021,43,33,38,-4.7,27,0,T,T,0
2/2/2021,45,33,39,-3.9,26,0,T,T,0
2/3/2021,50,31,40.5,-2.5,24,0,0,0,0
2/4/2021,53,23,38,-5.1,27,0,T,0,0
2/5/2021,49,39,44,0.7,21,0,0.16,0,0
2/6/2021,55,27,41,-2.4,24,0,0.31,0,0
2/7/2021,49,29,39,-4.6,26,0,0.66,0,0
2/8/2021,53,25,39,-4.8,26,0,0,0,0
2/9/2021,65,38,51.5,7.6,13,0,T,0,0
2/10/2021,50,40,45,0.9,20,0,0,0,0
2/11/2021,49,37,43,-1.3,22,0,0.83,0,0
2/12/2021,37,32,34.5,-9.9,30,0,0.05,0,0
2/13/2021,35,32,33.5,-11.1,31,0,0.77,0,0
2/14/2021,37,33,35,-9.8,30,0,0.41,0,0
2/15/2021,43,35,39,-6,26,0,0.63,0,0
2/16/2021,60,34,47,1.8,18,0,0.01,0,0
2/17/2021,47,28,37.5,-7.9,27,0,0,0,0
2/18/2021,40,32,36,-9.6,29,0,0.78,0,0
2/19/2021,44,32,38,-7.8,27,0,0.42,0,0
2/20/2021,45,28,36.5,-9.5,28,0,0,0,0
2/21/2021,46,22,34,-12.2,31,0,0,0,0
2/22/2021,59,33,46,-0.4,19,0,0.41,0,0
2/23/2021,65,31,48,1.4,17,0,0,0,0
2/24/2021,72,34,53,6.2,12,0,0,0,0
2/25/2021,67,41,54,7,11,0,0,0,0
2/26/2021,50,41,45.5,-1.7,19,0,0.58,0,0
2/27/2021,58,40,49,1.5,16,0,0.15,0,0
2/28/2021,77,48,62.5,14.8,2,0,0,0,0
3/1/2021,68,48,58,10.1,7,0,0.15,0,0
3/2/2021,51,37,44,-4.1,21,0,0,0,0
3/3/2021,63,34,48.5,0.1,16,0,0,0,0
3/4/2021,67,34,50.5,1.9,14,0,0,0,0
3/5/2021,52,34,43,-5.8,22,0,0,0,0
3/6/2021,55,33,44,-5.1,21,0,0,0,0
3/7/2021,52,29,40.5,-8.8,24,0,0,0,0
3/8/2021,61,26,43.5,-6.1,21,0,0,0,0
3/9/2021,72,33,52.5,2.7,12,0,0,0,0
3/10/2021,76,40,58,7.9,7,0,0,0,0
3/11/2021,76,47,61.5,11.2,3,0,0,0,0
3/12/2021,80,54,67,16.4,0,2,0,0,0
3/13/2021,69,53,61,10.1,4,0,0,0,0
3/14/2021,72,43,57.5,6.4,7,0,0,0,0
3/15/2021,56,45,50.5,-0.9,14,0,0,0,0
3/16/2021,45,35,40,-11.7,25,0,0.37,0,0
3/17/2021,59,43,51,-1,14,0,T,0,0
3/18/2021,73,49,61,8.8,4,0,0.02,0,0
3/19/2021,57,37,47,-5.5,18,0,0.1,0,0
3/20/2021,57,31,44,-8.8,21,0,0,0,0
3/21/2021,67,41,54,0.9,11,0,0,0,0
3/22/2021,69,43,56,2.6,9,0,0,0,0
3/23/2021,62,50,56,2.3,9,0,T,0,0
3/24/2021,68,55,61.5,7.5,3,0,0.07,0,0
3/25/2021,75,52,63.5,9.2,1,0,0.02,0,0
3/26/2021,79,64,71.5,16.9,0,7,0.14,0,0
3/27/2021,77,55,66,11.1,0,1,0.91,0,0
3/28/2021,76,57,66.5,11.3,0,2,0.25,0,0
3/29/2021,63,43,53,-2.5,12,0,0,0,0
3/30/2021,74,40,57,1.2,8,0,0,0,0
3/31/2021,74,60,67,10.9,0,2,0.4,0,0
4/1/2021,61,37,49,-7.4,16,0,T,0,0
4/2/2021,49,32,40.5,-16.2,24,0,0,0,0
4/3/2021,60,26,43,-14.1,22,0,0,0,0
4/4/2021,74,36,55,-2.4,10,0,0,0,0
4/5/2021,76,42,59,1.3,6,0,0,0,0
4/6/2021,83,49,66,8,0,1,0,0,0
4/7/2021,86,50,68,9.7,0,3,0,0,0
4/8/2021,83,53,68,9.4,0,3,0,0,0
4/9/2021,83,60,71.5,12.6,0,7,0.07,0,0
4/10/2021,79,57,68,8.8,0,3,0.24,0,0
4/11/2021,79,59,69,9.5,0,4,0.2,0,0
4/12/2021,79,49,64,4.2,1,0,0,0,0
4/13/2021,76,49,62.5,2.4,2,0,0,0,0
4/14/2021,82,55,68.5,8.1,0,4,0.13,0,0
4/15/2021,69,52,60.5,-0.2,4,0,T,0,0
4/16/2021,69,38,53.5,-7.5,11,0,0,0,0
4/17/2021,65,43,54,-7.3,11,0,0,0,0
4/18/2021,71,48,59.5,-2.1,5,0,T,0,0
4/19/2021,66,47,56.5,-5.4,8,0,0.01,0,0
4/20/2021,75,42,58.5,-3.7,6,0,0,0,0
4/21/2021,77,42,59.5,-3,5,0,0,0,0
4/22/2021,61,32,46.5,-16.2,18,0,0,0,0
4/23/2021,67,31,49,-14,16,0,0,0,0
4/24/2021,61,44,52.5,-10.8,12,0,0.27,0,0
4/25/2021,70,47,58.5,-5.1,6,0,0.02,0,0
4/26/2021,77,42,59.5,-4.3,5,0,0,0,0
4/27/2021,84,51,67.5,3.4,0,3,0,0,0
4/28/2021,85,61,73,8.7,0,8,0,0,0
4/29/2021,86,67,76.5,11.9,0,12,T,0,0
4/30/2021,79,63,71,6.1,0,6,0,0,0
5/1/2021,74,49,61.5,-3.6,3,0,0,0,0
5/2/2021,84,51,67.5,2.1,0,3,0,0,0
5/3/2021,79,66,72.5,6.9,0,8,0.2,0,0
5/4/2021,87,64,75.5,9.6,0,11,0.2,0,0
5/5/2021,85,63,74,7.9,0,9,T,0,0
5/6/2021,68,49,58.5,-7.9,6,0,0,0,0
5/7/2021,64,43,53.5,-13.1,11,0,0.33,0,0
5/8/2021,74,42,58,-8.8,7,0,0,0,0
5/9/2021,83,49,66,-1.1,0,1,0,0,0
5/10/2021,81,60,70.5,3.2,0,6,0.37,0,0
5/11/2021,70,52,61,-6.6,4,0,0,0,0
5/12/2021,57,41,49,-18.8,16,0,0.09,0,0
5/13/2021,71,37,54,-14.1,11,0,0,0,0
5/14/2021,73,41,57,-11.3,8,0,0,0,0
5/15/2021,76,40,58,-10.6,7,0,0,0,0
5/16/2021,73,45,59,-9.8,6,0,0.01,0,0
5/17/2021,76,56,66,-3,0,1,0.05,0,0
5/18/2021,76,57,66.5,-2.8,0,2,T,0,0
5/19/2021,84,51,67.5,-2.1,0,3,0,0,0
5/20/2021,88,53,70.5,0.7,0,6,0,0,0
5/21/2021,83,57,70,-0.1,0,5,0,0,0
5/22/2021,89,52,70.5,0.2,0,6,0,0,0
5/23/2021,92,64,78,7.4,0,13,0,0,0
5/24/2021,93,64,78.5,7.7,0,14,0.31,0,0
5/25/2021,85,65,75,3.9,0,10,T,0,0
5/26/2021,94,70,82,10.6,0,17,0,0,0
5/27/2021,92,67,79.5,7.8,0,15,T,0,0
5/28/2021,92,68,80,8.1,0,15,0.02,0,0
5/29/2021,85,54,69.5,-2.7,0,5,0.06,0,0
5/30/2021,63,52,57.5,-15,7,0,0.01,0,0
5/31/2021,75,51,63,-9.7,2,0,0,0,0
6/1/2021,83,53,68,-5,0,3,0,0,0
6/2/2021,81,60,70.5,-2.8,0,6,1.82,0,0
6/3/2021,79,68,73.5,-0.1,0,9,2.04,0,0
6/4/2021,85,71,78,4.2,0,13,0.02,0,0
6/5/2021,89,67,78,3.9,0,13,0,0,0
6/6/2021,90,68,79,4.6,0,14,0,0,0
6/7/2021,89,72,80.5,5.8,0,16,0,0,0
6/8/2021,88,71,79.5,4.6,0,15,T,0,0
6/9/2021,89,71,80,4.8,0,15,0,0,0
6/10/2021,86,71,78.5,3,0,14,1,0,0
6/11/2021,89,72,80.5,4.8,0,16,0.11,0,0
6/12/2021,80,70,75,-1,0,10,0.03,0,0
6/13/2021,85,66,75.5,-0.8,0,11,T,0,0
6/14/2021,90,67,78.5,2,0,14,0,0,0
6/15/2021,85,64,74.5,-2.3,0,10,0,0,0
6/16/2021,83,59,71,-6,0,6,0,0,0
6/17/2021,82,58,70,-7.3,0,5,0,0,0
6/18/2021,88,56,72,-5.5,0,7,0,0,0
6/19/2021,92,71,81.5,3.8,0,17,0,0,0
6/20/2021,82,71,76.5,-1.4,0,12,1.45,0,0
6/21/2021,91,72,81.5,3.4,0,17,0,0,0
6/22/2021,79,64,71.5,-6.9,0,7,1.03,0,0
6/23/2021,79,59,69,-9.5,0,4,0,0,0
6/24/2021,79,57,68,-10.7,0,3,0,0,0
6/25/2021,80,63,71.5,-7.4,0,7,0.04,0,0
6/26/2021,86,70,78,-1.1,0,13,0.03,0,0
6/27/2021,89,70,79.5,0.2,0,15,0,0,0
6/28/2021,90,67,78.5,-0.9,0,14,0,0,0
6/29/2021,91,71,81,1.4,0,16,0,0,0
6/30/2021,92,73,82.5,2.8,0,18,0,0,0
7/1/2021,91,72,81.5,1.7,0,17,0.18,0,0
7/2/2021,79,66,72.5,-7.5,0,8,1.08,0,0
7/3/2021,81,59,70,-10.1,0,5,0,0,0
7/4/2021,84,60,72,-8.2,0,7,0,0,0
7/5/2021,90,65,77.5,-2.8,0,13,0,0,0
7/6/2021,90,68,79,-1.3,0,14,0,0,0
7/7/2021,91,70,80.5,0.1,0,16,0,0,0
7/8/2021,79,71,75,-5.5,0,10,2.52,0,0
7/9/2021,91,70,80.5,-0.1,0,16,0.52,0,0
7/10/2021,92,70,81,0.4,0,16,0,0,0
7/11/2021,91,73,82,1.4,0,17,0,0,0
7/12/2021,90,74,82,1.3,0,17,T,0,0
7/13/2021,90,73,81.5,0.8,0,17,T,0,0
7/14/2021,90,69,79.5,-1.2,0,15,0.02,0,0
7/15/2021,91,71,81,0.3,0,16,0,0,0
7/16/2021,93,73,83,2.2,0,18,T,0,0
7/17/2021,92,73,82.5,1.7,0,18,0,0,0
7/18/2021,87,71,79,-1.7,0,14,0.17,0,0
7/19/2021,76,67,71.5,-9.2,0,7,0.52,0,0
7/20/2021,84,66,75,-5.7,0,10,T,0,0
7/21/2021,89,71,80,-0.7,0,15,T,0,0
7/22/2021,86,70,78,-2.7,0,13,0,0,0
7/23/2021,87,66,76.5,-4.1,0,12,0,0,0
7/24/2021,87,68,77.5,-3.1,0,13,0,0,0
7/25/2021,89,70,79.5,-1.1,0,15,0,0,0
7/26/2021,92,73,82.5,2,0,18,0.02,0,0
7/27/2021,93,71,82,1.5,0,17,T,0,0
7/28/2021,95,71,83,2.6,0,18,0,0,0
7/29/2021,94,68,81,0.6,0,16,0,0,0
7/30/2021,96,76,86,5.7,0,21,0,0,0
7/31/2021,91,73,82,1.7,0,17,0,0,0
8/1/2021,91,75,83,2.8,0,18,T,0,0
8/2/2021,85,69,77,-3.1,0,12,T,0,0
8/3/2021,75,66,70.5,-9.6,0,6,0.11,0,0
8/4/2021,81,66,73.5,-6.5,0,9,0.03,0,0
8/5/2021,86,62,74,-5.9,0,9,0,0,0
8/6/2021,87,61,74,-5.9,0,9,0.39,0,0
8/7/2021,78,67,72.5,-7.3,0,8,0.32,0,0
8/8/2021,91,65,78,-1.7,0,13,0,0,0
8/9/2021,93,69,81,1.4,0,16,0,0,0
8/10/2021,96,73,84.5,5,0,20,0,0,0
8/11/2021,97,74,85.5,6,0,21,0,0,0
8/12/2021,98,74,86,6.6,0,21,T,0,0
8/13/2021,100,76,88,8.7,0,23,0,0,0
8/14/2021,95,71,83,3.8,0,18,0.55,0,0
8/15/2021,88,70,79,-0.1,0,14,0.15,0,0
8/16/2021,90,71,80.5,1.5,0,16,0.39,0,0
8/17/2021,86,73,79.5,0.6,0,15,0.08,0,0
8/18/2021,91,76,83.5,4.8,0,19,0.1,0,0
8/19/2021,94,73,83.5,4.9,0,19,0.44,0,0
8/20/2021,87,73,80,1.5,0,15,0.36,0,0
8/21/2021,88,72,80,1.6,0,15,0,0,0
8/22/2021,92,70,81,2.8,0,16,0.35,0,0
8/23/2021,92,68,80,1.9,0,15,0,0,0
8/24/2021,94,72,83,5,0,18,0,0,0
8/25/2021,95,72,83.5,5.7,0,19,T,0,0
8/26/2021,93,73,83,5.3,0,18,0,0,0
8/27/2021,93,72,82.5,5,0,18,0,0,0
8/28/2021,95,73,84,6.7,0,19,0,0,0
8/29/2021,95,71,83,5.9,0,18,0,0,0
8/30/2021,96,72,84,7,0,19,0,0,0
8/31/2021,94,72,83,6.2,0,18,0,0,0
9/1/2021,88,68,78,1.4,0,13,0.21,0,0
9/2/2021,81,58,69.5,-6.9,0,5,T,0,0
9/3/2021,83,54,68.5,-7.7,0,4,0,0,0
9/4/2021,85,54,69.5,-6.4,0,5,0,0,0
9/5/2021,89,64,76.5,0.8,0,12,0,0,0
9/6/2021,84,66,75,-0.5,0,10,0,0,0
9/7/2021,91,62,76.5,1.3,0,12,0,0,0
9/8/2021,93,72,82.5,7.5,0,18,T,0,0
9/9/2021,75,63,69,-5.7,0,4,1.6,0,0
9/10/2021,80,57,68.5,-5.9,0,4,0,0,0
9/11/2021,83,56,69.5,-4.7,0,5,0,0,0
9/12/2021,87,62,74.5,0.6,0,10,0,0,0
9/13/2021,90,64,77,3.4,0,12,0,0,0
9/14/2021,91,67,79,5.7,0,14,0,0,0
9/15/2021,89,72,80.5,7.5,0,16,0,0,0
9/16/2021,85,70,77.5,4.8,0,13,0,0,0
9/17/2021,83,72,77.5,5.1,0,13,0.01,0,0
9/18/2021,86,71,78.5,6.5,0,14,T,0,0
9/19/2021,90,66,78,6.3,0,13,0,0,0
9/20/2021,84,70,77,5.6,0,12,0,0,0
9/21/2021,80,67,73.5,2.5,0,9,0.31,0,0
9/22/2021,80,63,71.5,0.8,0,7,0.73,0,0
9/23/2021,78,54,66,-4.3,0,1,T,0,0
9/24/2021,76,51,63.5,-6.5,1,0,0,0,0
9/25/2021,78,49,63.5,-6.1,1,0,0,0,0
9/26/2021,78,51,64.5,-4.8,0,0,0,0,0
9/27/2021,84,51,67.5,-1.4,0,3,0,0,0
9/28/2021,87,59,73,4.5,0,8,0,0,0
9/29/2021,84,60,72,3.9,0,7,0,0,0
9/30/2021,82,60,71,3.2,0,6,0,0,0
10/1/2021,82,58,70,2.6,0,5,0,0,0
10/2/2021,85,58,71.5,4.5,0,7,0,0,0
10/3/2021,87,62,74.5,7.9,0,10,0,0,0
10/4/2021,88,65,76.5,10.3,0,12,0.47,0,0
10/5/2021,88,66,77,11.2,0,12,T,0,0
10/6/2021,83,67,75,9.5,0,10,T,0,0
10/7/2021,77,66,71.5,6.4,0,7,T,0,0
10/8/2021,75,67,71,6.3,0,6,0.02,0,0
10/9/2021,68,63,65.5,1.2,0,1,4.96,0,0
10/10/2021,76,64,70,6.1,0,5,T,0,0
10/11/2021,72,64,68,4.5,0,3,T,0,0
10/12/2021,71,59,65,1.9,0,0,T,0,0
10/13/2021,82,57,69.5,6.8,0,5,0,0,0
10/14/2021,84,60,72,9.7,0,7,0,0,0
10/15/2021,85,59,72,10,0,7,0,0,0
10/16/2021,85,56,70.5,8.9,0,6,0.17,0,0
10/17/2021,66,45,55.5,-5.7,9,0,0,0,0
10/18/2021,71,42,56.5,-4.3,8,0,0,0,0
10/19/2021,75,42,58.5,-1.9,6,0,0,0,0
10/20/2021,79,45,62,1.9,3,0,0,0,0
10/21/2021,79,48,63.5,3.8,1,0,0,0,0
10/22/2021,78,54,66,6.7,0,1,0.01,0,0
10/23/2021,73,50,61.5,2.5,3,0,0,0,0
10/24/2021,78,48,63,4.4,2,0,0,0,0
10/25/2021,79,61,70,11.8,0,5,1.04,0,0
10/26/2021,70,47,58.5,0.6,6,0,0,0,0
10/27/2021,70,46,58,0.5,7,0,0,0,0
10/28/2021,72,47,59.5,2.3,5,0,0.28,0,0
10/29/2021,71,55,63,6.2,2,0,0.58,0,0
10/30/2021,61,49,55,-1.5,10,0,0,0,0
10/31/2021,72,49,60.5,4.3,4,0,0,0,0
11/1/2021,70,43,56.5,0.7,8,0,0,0,0
11/2/2021,66,45,55.5,0,9,0,0,0,0
11/3/2021,56,44,50,-5.2,15,0,0,0,0
11/4/2021,48,39,43.5,-11.3,21,0,0.07,0,0
11/5/2021,53,34,43.5,-11,21,0,0,0,0
11/6/2021,54,38,46,-8.2,19,0,T,0,0
11/7/2021,60,40,50,-3.9,15,0,0,0,0
11/8/2021,71,34,52.5,-1.1,12,0,0,0,0
11/9/2021,77,38,57.5,4.2,7,0,0,0,0
11/10/2021,79,43,61,8,4,0,0,0,0
11/11/2021,75,45,60,7.3,5,0,0.02,0,0
11/12/2021,71,46,58.5,6.1,6,0,T,0,0
11/13/2021,66,40,53,0.9,12,0,0,0,0
11/14/2021,58,29,43.5,-8.3,21,0,0,0,0
11/15/2021,54,33,43.5,-8,21,0,0,0,0
11/16/2021,67,30,48.5,-2.7,16,0,0,0,0
11/17/2021,75,42,58.5,7.6,6,0,0,0,0
11/18/2021,76,52,64,13.3,1,0,0,0,0
11/19/2021,59,33,46,-4.4,19,0,0,0,0
11/20/2021,54,26,40,-10.1,25,0,0,0,0
11/21/2021,64,34,49,-0.9,16,0,0,0,0
11/22/2021,57,41,49,-0.6,16,0,0.52,0,0
11/23/2021,47,27,37,-12.4,28,0,0,0,0
11/24/2021,53,24,38.5,-10.6,26,0,0,0,0
11/25/2021,63,29,46,-2.9,19,0,0,0,0
11/26/2021,54,35,44.5,-4.1,20,0,0.14,0,0
11/27/2021,54,28,41,-7.4,24,0,0,0,0
11/28/2021,62,35,48.5,0.4,16,0,0,0,0
11/29/2021,49,27,38,-9.9,27,0,0,0,0
11/30/2021,59,26,42.5,-5.2,22,0,0,0,0
12/1/2021,67,30,48.5,1.1,16,0,0,0,0
12/2/2021,71,45,58,10.8,7,0,0,0,0
12/3/2021,74,44,59,12,6,0,0,0,0
12/4/2021,73,44,58.5,11.7,6,0,0,0,0
12/5/2021,62,42,52,5.4,13,0,0,0,0
12/6/2021,73,47,60,13.7,5,0,0,0,0
12/7/2021,56,41,48.5,2.4,16,0,0,0,0
12/8/2021,48,32,40,-5.9,25,0,0.14,0,0
12/9/2021,45,27,36,-9.7,29,0,0,0,0
12/10/2021,59,37,48,2.5,17,0,T,0,0
12/11/2021,73,55,64,18.7,1,0,0.41,0,0
12/12/2021,58,30,44,-1.1,21,0,T,0,0
12/13/2021,60,27,43.5,-1.4,21,0,0,0,0
12/14/2021,61,28,44.5,-0.2,20,0,0,0,0
12/15/2021,62,32,47,2.4,18,0,0,0,0
12/16/2021,69,36,52.5,8.1,12,0,0,0,0
12/17/2021,73,54,63.5,19.3,1,0,T,0,0
12/18/2021,71,59,65,21,0,0,0.02,0,0
12/19/2021,65,34,49.5,5.6,15,0,0.67,0,0
12/20/2021,44,29,36.5,-7.2,28,0,0,0,0
12/21/2021,41,30,35.5,-8.1,29,0,0.27,0,0
12/22/2021,58,37,47.5,4.1,17,0,T,0,0
12/23/2021,51,27,39,-4.3,26,0,0,0,0
12/24/2021,63,35,49,5.9,16,0,0,0,0
12/25/2021,72,49,60.5,17.5,4,0,0,0,0
12/26/2021,73,47,60,17.2,5,0,0,0,0
12/27/2021,66,45,55.5,12.8,9,0,0,0,0
12/28/2021,75,53,64,21.4,1,0,0,0,0
12/29/2021,73,61,67,24.5,0,2,0.02,0,0
12/30/2021,67,64,65.5,23.1,0,1,0.1,0,0
12/31/2021,74,61,67.5,25.2,0,3,0,0,0
1/1/2020,55,35,45,2.8,20,0,0,0,0
1/2/2020,58,35,46.5,4.4,18,0,0.1,0,0
1/3/2020,58,46,52,10,13,0,1.53,0,0
1/4/2020,65,43,54,12.1,11,0,0.45,0,0
1/5/2020,51,37,44,2.2,21,0,0,0,0
1/6/2020,60,30,45,3.2,20,0,0,0,0
1/7/2020,52,30,41,-0.7,24,0,0.07,0,0
1/8/2020,59,29,44,2.3,21,0,0,0,0
1/9/2020,51,30,40.5,-1.1,24,0,0,0,0
1/10/2020,65,41,53,11.4,12,0,0,0,0
1/11/2020,72,57,64.5,22.9,0,0,0.02,0,0
1/12/2020,70,63,66.5,25,0,2,0.31,0,0
1/13/2020,67,63,65,23.5,0,0,0.46,0,0
1/14/2020,69,59,64,22.5,1,0,0.34,0,0
1/15/2020,70,57,63.5,22,1,0,0,0,0
1/16/2020,64,46,55,13.5,10,0,0,0,0
1/17/2020,47,36,41.5,-0.1,23,0,0,0,0
1/18/2020,49,36,42.5,0.9,22,0,0.14,0,0
1/19/2020,56,32,44,2.4,21,0,0.01,0,0
1/20/2020,39,26,32.5,-9.2,32,0,0,0,0
1/21/2020,38,24,31,-10.7,34,0,0,0,0
1/22/2020,46,24,35,-6.8,30,0,0,0,0
1/23/2020,49,25,37,-4.8,28,0,0,0,0
1/24/2020,65,39,52,10.1,13,0,0.21,0,0
1/25/2020,59,39,49,7,16,0,0.55,0,0
1/26/2020,54,32,43,0.9,22,0,0,0,0
1/27/2020,54,31,42.5,0.3,22,0,0.12,0,0
1/28/2020,53,34,43.5,1.2,21,0,0,0,0
1/29/2020,50,28,39,-3.4,26,0,0,0,0
1/30/2020,51,32,41.5,-1,23,0,0,0,0
1/31/2020,47,28,37.5,-5.1,27,0,0.6,T,0
2/1/2020,45,36,40.5,-2.2,24,0,0.04,0,0
2/2/2020,63,33,48,5.1,17,0,0,0,0
2/3/2020,74,42,58,15,7,0,0,0,0
2/4/2020,69,57,63,19.9,2,0,0,0,0
2/5/2020,64,60,62,18.7,3,0,0.2,0,0
2/6/2020,70,60,65,21.6,0,0,2.35,T,0
2/7/2020,61,35,48,4.4,17,0,0.26,0,0
2/8/2020,43,27,35,-8.8,30,0,T,0,0
2/9/2020,54,31,42.5,-1.4,22,0,0,0,0
2/10/2020,64,36,50,5.9,15,0,T,0,0
2/11/2020,71,61,66,21.7,0,1,0.42,0,0
2/12/2020,64,51,57.5,13.1,7,0,T,0,0
2/13/2020,69,50,59.5,14.9,5,0,0.57,0,0
2/14/2020,52,34,43,-1.8,22,0,0,0,0
2/15/2020,45,26,35.5,-9.5,29,0,0,0,0
2/16/2020,55,31,43,-2.2,22,0,0.05,0,0
2/17/2020,59,37,48,2.6,17,0,T,0,0
2/18/2020,61,38,49.5,3.9,15,0,0.07,0,0
2/19/2020,57,37,47,1.2,18,0,0.16,T,0
2/20/2020,43,33,38,-8,27,0,0.47,2.5,0
2/21/2020,36,26,31,-15.2,34,0,0,T,2
2/22/2020,54,22,38,-8.4,27,0,0,0,0
2/23/2020,63,30,46.5,-0.1,18,0,0,0,0
2/24/2020,54,46,50,3.2,15,0,0.18,0,0
2/25/2020,65,48,56.5,9.5,8,0,0.16,0,0
2/26/2020,64,48,56,8.8,9,0,T,0,0
2/27/2020,50,36,43,-4.5,22,0,0,0,0
2/28/2020,53,27,40,-7.7,25,0,0.01,0,0
2/29/2020,47,29,38,-9.8,27,0,0,0,0
3/1/2020,59,24,41.5,-6.4,23,0,0,0,0
3/2/2020,69,41,55,6.9,10,0,T,0,0
3/3/2020,63,53,58,9.6,7,0,0.21,0,0
3/4/2020,60,47,53.5,4.9,11,0,0,0,0
3/5/2020,56,45,50.5,1.7,14,0,0.05,0,0
3/6/2020,59,40,49.5,0.4,15,0,T,0,0
3/7/2020,54,34,44,-5.3,21,0,0,0,0
3/8/2020,63,28,45.5,-4.1,19,0,0,0,0
3/9/2020,69,37,53,3.2,12,0,0,0,0
3/10/2020,70,57,63.5,13.4,1,0,0.01,0,0
3/11/2020,76,54,65,14.7,0,0,T,0,0
3/12/2020,73,51,62,11.4,3,0,0,0,0
3/13/2020,75,63,69,18.1,0,4,0.07,0,0
3/14/2020,69,51,60,8.9,5,0,0,0,0
3/15/2020,60,48,54,2.6,11,0,T,0,0
3/16/2020,59,42,50.5,-1.2,14,0,T,0,0
3/17/2020,63,50,56.5,4.5,8,0,T,0,0
3/18/2020,68,46,57,4.8,8,0,0,0,0
3/19/2020,81,59,70,17.5,0,5,0.01,0,0
3/20/2020,86,66,76,23.2,0,11,T,0,0
3/21/2020,73,50,61.5,8.4,3,0,0.07,0,0
3/22/2020,58,46,52,-1.4,13,0,0.03,0,0
3/23/2020,50,44,47,-6.7,18,0,0.32,0,0
3/24/2020,55,50,52.5,-1.5,12,0,0.27,0,0
3/25/2020,57,45,51,-3.3,14,0,0.86,0,0
3/26/2020,61,47,54,-0.6,11,0,0,0,0
3/27/2020,81,52,66.5,11.6,0,2,0,0,0
3/28/2020,89,62,75.5,20.3,0,11,0,0,0
3/29/2020,88,69,78.5,23,0,14,0,0,0
3/30/2020,77,62,69.5,13.7,0,5,0,0,0
3/31/2020,62,46,54,-2.1,11,0,0.23,0,0
4/1/2020,59,44,51.5,-4.9,13,0,T,0,0
4/2/2020,66,41,53.5,-3.2,11,0,0,0,0
4/3/2020,72,41,56.5,-0.6,8,0,0,0,0
4/4/2020,71,39,55,-2.4,10,0,0,0,0
4/5/2020,73,47,60,2.3,5,0,0,0,0
4/6/2020,82,52,67,9,0,2,0.02,0,0
4/7/2020,84,51,67.5,9.2,0,3,T,0,0
4/8/2020,83,58,70.5,11.9,0,6,0.43,0,0
4/9/2020,80,57,68.5,9.6,0,4,0.09,0,0
4/10/2020,60,42,51,-8.2,14,0,0,0,0
4/11/2020,67,32,49.5,-10,15,0,0,0,0
4/12/2020,76,47,61.5,1.7,3,0,0.01,0,0
4/13/2020,81,61,71,10.9,0,6,0.39,0,0
4/14/2020,74,52,63,2.6,2,0,0,0,0
4/15/2020,57,40,48.5,-12.2,16,0,0.14,0,0
4/16/2020,67,34,50.5,-10.5,14,0,0,0,0
4/17/2020,73,35,54,-7.3,11,0,0,0,0
4/18/2020,67,41,54,-7.6,11,0,0.36,0,0
4/19/2020,70,39,54.5,-7.4,10,0,0,0,0
4/20/2020,62,51,56.5,-5.7,8,0,0.68,0,0
4/21/2020,77,48,62.5,0,2,0,T,0,0
4/22/2020,71,41,56,-6.7,9,0,0,0,0
4/23/2020,66,55,60.5,-2.5,4,0,0.1,0,0
4/24/2020,80,61,70.5,7.2,0,6,0.01,0,0
4/25/2020,61,55,58,-5.6,7,0,0.01,0,0
4/26/2020,74,51,62.5,-1.3,2,0,0.26,0,0
4/27/2020,69,44,56.5,-7.6,8,0,0,0,0
4/28/2020,77,42,59.5,-4.8,5,0,0,0,0
4/29/2020,81,59,70,5.4,0,5,0,0,0
4/30/2020,69,55,62,-2.9,3,0,1.67,0,0
5/1/2020,66,53,59.5,-5.6,5,0,0.02,0,0
5/2/2020,75,43,59,-6.4,6,0,0,0,0
5/3/2020,86,53,69.5,3.9,0,5,0,0,0
5/4/2020,80,57,68.5,2.6,0,4,T,0,0
5/5/2020,73,53,63,-3.1,2,0,0.02,0,0
5/6/2020,72,49,60.5,-5.9,4,0,T,0,0
5/7/2020,67,40,53.5,-13.1,11,0,0,0,0
5/8/2020,70,44,57,-9.8,8,0,0.05,0,0
5/9/2020,63,39,51,-16.1,14,0,0,0,0
5/10/2020,70,36,53,-14.3,12,0,0,0,0
5/11/2020,67,46,56.5,-11.1,8,0,0,0,0
5/12/2020,65,38,51.5,-16.3,13,0,0,0,0
5/13/2020,70,42,56,-12.1,9,0,T,0,0
5/14/2020,81,58,69.5,1.2,0,5,T,0,0
5/15/2020,83,60,71.5,2.9,0,7,0,0,0
5/16/2020,89,60,74.5,5.7,0,10,0,0,0
5/17/2020,86,60,73,4,0,8,0,0,0
5/18/2020,70,64,67,-2.3,0,2,0.07,0,0
5/19/2020,64,54,59,-10.6,6,0,0.79,0,0
5/20/2020,59,53,56,-13.8,9,0,1.59,0,0
5/21/2020,70,59,64.5,-5.6,0,0,0.67,0,0
5/22/2020,82,62,72,1.7,0,7,0.05,0,0
5/23/2020,85,61,73,2.4,0,8,0,0,0
5/24/2020,87,62,74.5,3.7,0,10,0.12,0,0
5/25/2020,76,62,69,-2.1,0,4,T,0,0
5/26/2020,79,66,72.5,1.1,0,8,0,0,0
5/27/2020,78,67,72.5,0.8,0,8,0.37,0,0
5/28/2020,85,70,77.5,5.6,0,13,0.73,0,0
5/29/2020,81,69,75,2.8,0,10,0.78,0,0
5/30/2020,88,68,78,5.5,0,13,0,0,0
5/31/2020,77,57,67,-5.7,0,2,0,0,0
6/1/2020,77,54,65.5,-7.5,0,1,0,0,0
6/2/2020,85,55,70,-3.3,0,5,0,0,0
6/3/2020,91,67,79,5.4,0,14,0,0,0
6/4/2020,92,71,81.5,7.7,0,17,0,0,0
6/5/2020,88,71,79.5,5.4,0,15,T,0,0
6/6/2020,90,72,81,6.6,0,16,0,0,0
6/7/2020,88,69,78.5,3.8,0,14,0,0,0
6/8/2020,88,71,79.5,4.6,0,15,0,0,0
6/9/2020,90,73,81.5,6.3,0,17,T,0,0
6/10/2020,92,76,84,8.5,0,19,0.05,0,0
6/11/2020,88,71,79.5,3.8,0,15,0.11,0,0
6/12/2020,85,68,76.5,0.5,0,12,0,0,0
6/13/2020,83,63,73,-3.3,0,8,0,0,0
6/14/2020,81,59,70,-6.5,0,5,0,0,0
6/15/2020,65,58,61.5,-15.3,3,0,0.77,0,0
6/16/2020,62,59,60.5,-16.5,4,0,0.52,0,0
6/17/2020,76,61,68.5,-8.8,0,4,0.1,0,0
6/18/2020,80,59,69.5,-8,0,5,0,0,0
6/19/2020,86,66,76,-1.7,0,11,0.8,0,0
6/20/2020,84,64,74,-3.9,0,9,0,0,0
6/21/2020,89,62,75.5,-2.6,0,11,0,0,0
6/22/2020,91,70,80.5,2.1,0,16,0,0,0
6/23/2020,89,72,80.5,2,0,16,T,0,0
6/24/2020,88,70,79,0.3,0,14,0,0,0
6/25/2020,86,71,78.5,-0.4,0,14,T,0,0
6/26/2020,89,63,76,-3.1,0,11,0,0,0
6/27/2020,91,66,78.5,-0.8,0,14,0,0,0
6/28/2020,91,70,80.5,1.1,0,16,0.06,0,0
6/29/2020,91,72,81.5,1.9,0,17,0,0,0
6/30/2020,92,70,81,1.3,0,16,0.21,0,0
7/1/2020,90,69,79.5,-0.3,0,15,T,0,0
7/2/2020,90,70,80,0,0,15,0,0,0
7/3/2020,94,66,80,-0.1,0,15,0,0,0
7/4/2020,94,68,81,0.8,0,16,0.07,0,0
7/5/2020,92,70,81,0.7,0,16,0.4,0,0
7/6/2020,92,68,80,-0.3,0,15,T,0,0
7/7/2020,87,71,79,-1.4,0,14,T,0,0
7/8/2020,89,74,81.5,1,0,17,T,0,0
7/9/2020,90,73,81.5,0.9,0,17,T,0,0
7/10/2020,95,71,83,2.4,0,18,0.25,0,0
7/11/2020,92,70,81,0.4,0,16,0.02,0,0
7/12/2020,93,67,80,-0.7,0,15,0,0,0
7/13/2020,92,68,80,-0.7,0,15,0.08,0,0
7/14/2020,95,68,81.5,0.8,0,17,0,0,0
7/15/2020,94,71,82.5,1.8,0,18,0,0,0
7/16/2020,94,74,84,3.2,0,19,0,0,0
7/17/2020,95,73,84,3.2,0,19,0.96,0,0
7/18/2020,94,72,83,2.3,0,18,0,0,0
7/19/2020,95,72,83.5,2.8,0,19,0,0,0
7/20/2020,97,76,86.5,5.8,0,22,0,0,0
7/21/2020,97,74,85.5,4.8,0,21,0,0,0
7/22/2020,96,73,84.5,3.8,0,20,0,0,0
7/23/2020,95,73,84,3.4,0,19,0.36,0,0
7/24/2020,90,72,81,0.4,0,16,0.01,0,0
7/25/2020,94,71,82.5,1.9,0,18,0.38,0,0
7/26/2020,95,73,84,3.5,0,19,0,0,0
7/27/2020,96,74,85,4.5,0,20,0,0,0
7/28/2020,97,73,85,4.6,0,20,1.03,0,0
7/29/2020,92,72,82,1.6,0,17,0.59,0,0
7/30/2020,89,72,80.5,0.2,0,16,T,0,0
7/31/2020,92,77,84.5,4.2,0,20,0,0,0
8/1/2020,94,75,84.5,4.3,0,20,0,0,0
8/2/2020,94,75,84.5,4.4,0,20,0,0,0
8/3/2020,84,71,77.5,-2.6,0,13,1.01,0,0
8/4/2020,88,69,78.5,-1.5,0,14,1.64,0,0
8/5/2020,89,71,80,0.1,0,15,0,0,0
8/6/2020,87,72,79.5,-0.4,0,15,0.06,0,0
8/7/2020,89,72,80.5,0.7,0,16,0.01,0,0
8/8/2020,90,71,80.5,0.8,0,16,0,0,0
8/9/2020,92,70,81,1.4,0,16,0.02,0,0
8/10/2020,89,71,80,0.5,0,15,0,0,0
8/11/2020,90,71,80.5,1,0,16,0,0,0
8/12/2020,91,72,81.5,2.1,0,17,0,0,0
8/13/2020,90,73,81.5,2.2,0,17,0.06,0,0
8/14/2020,89,72,80.5,1.3,0,16,0.63,0,0
8/15/2020,87,71,79,-0.1,0,14,1.38,0,0
8/16/2020,79,67,73,-6,0,8,0.02,0,0
8/17/2020,86,64,75,-3.9,0,10,0.11,0,0
8/18/2020,87,65,76,-2.7,0,11,0,0,0
8/19/2020,87,66,76.5,-2.1,0,12,1.07,0,0
8/20/2020,85,68,76.5,-2,0,12,0,0,0
8/21/2020,84,71,77.5,-0.9,0,13,T,0,0
8/22/2020,86,73,79.5,1.3,0,15,0.01,0,0
8/23/2020,89,72,80.5,2.4,0,16,0,0,0
8/24/2020,86,74,80,2,0,15,T,0,0
8/25/2020,91,73,82,4.2,0,17,0,0,0
8/26/2020,89,71,80,2.3,0,15,0,0,0
8/27/2020,93,71,82,4.5,0,17,0,0,0
8/28/2020,92,76,84,6.7,0,19,T,0,0
8/29/2020,87,77,82,4.9,0,17,0.03,0,0
8/30/2020,88,69,78.5,1.5,0,14,0,0,0
8/31/2020,90,74,82,5.2,0,17,2.3,0,0
9/1/2020,82,73,77.5,0.9,0,13,0.01,0,0
9/2/2020,92,72,82,5.6,0,17,0,0,0
9/3/2020,93,76,84.5,8.3,0,20,0,0,0
9/4/2020,92,73,82.5,6.6,0,18,0,0,0
9/5/2020,81,61,71,-4.7,0,6,0,0,0
9/6/2020,82,57,69.5,-6,0,5,0,0,0
9/7/2020,83,57,70,-5.2,0,5,0,0,0
9/8/2020,84,62,73,-2,0,8,0.03,0,0
9/9/2020,82,72,77,2.3,0,12,0.03,0,0
9/10/2020,88,74,81,6.6,0,16,T,0,0
9/11/2020,88,73,80.5,6.3,0,16,0.05,0,0
9/12/2020,80,68,74,0.1,0,9,0.01,0,0
9/13/2020,85,64,74.5,0.9,0,10,0,0,0
9/14/2020,85,66,75.5,2.2,0,11,0,0,0
9/15/2020,75,59,67,-6,0,2,0,0,0
9/16/2020,79,56,67.5,-5.2,0,3,0,0,0
9/17/2020,73,68,70.5,-1.9,0,6,2.08,0,0
9/18/2020,75,64,69.5,-2.5,0,5,0.1,0,0
9/19/2020,66,51,58.5,-13.2,6,0,0,0,0
9/20/2020,70,51,60.5,-10.9,4,0,0,0,0
9/21/2020,68,48,58,-13,7,0,0,0,0
9/22/2020,72,44,58,-12.7,7,0,0,0,0
9/23/2020,73,50,61.5,-8.8,3,0,0,0,0
9/24/2020,72,58,65,-5,0,0,0.11,0,0
9/25/2020,69,61,65,-4.6,0,0,1.9,T,0
9/26/2020,73,59,66,-3.3,0,1,T,0,0
9/27/2020,79,58,68.5,-0.4,0,4,T,0,0
9/28/2020,83,63,73,4.5,0,8,0.01,0,0
9/29/2020,85,59,72,3.9,0,7,0.68,0,0
9/30/2020,72,53,62.5,-5.3,2,0,T,0,0
10/1/2020,81,53,67,-0.4,0,2,0,0,0
10/2/2020,71,49,60,-7,5,0,0,0,0
10/3/2020,72,46,59,-7.6,6,0,0,0,0
10/4/2020,68,48,58,-8.2,7,0,0,0,0
10/5/2020,74,47,60.5,-5.3,4,0,0,0,0
10/6/2020,78,48,63,-2.5,2,0,0,0,0
10/7/2020,83,57,70,4.9,0,5,0,0,0
10/8/2020,83,58,70.5,5.8,0,6,0,0,0
10/9/2020,72,56,64,-0.3,1,0,0,0,0
10/10/2020,75,62,68.5,4.6,0,4,0.7,0,0
10/11/2020,68,64,66,2.5,0,1,0.79,0,0
10/12/2020,73,64,68.5,5.4,0,4,T,0,0
10/13/2020,82,54,68,5.3,0,3,T,0,0
10/14/2020,76,51,63.5,1.2,1,0,0,0,0
10/15/2020,80,53,66.5,4.5,0,2,T,0,0
10/16/2020,70,55,62.5,0.9,2,0,0.79,0,0
10/17/2020,64,46,55,-6.2,10,0,0,0,0
10/18/2020,70,40,55,-5.8,10,0,0,0,0
10/19/2020,75,51,63,2.6,2,0,0,0,0
10/20/2020,80,53,66.5,6.4,0,2,0,0,0
10/21/2020,83,63,73,13.3,0,8,0,0,0
10/22/2020,81,59,70,10.7,0,5,0,0,0
10/23/2020,80,57,68.5,9.5,0,4,0,0,0
10/24/2020,83,60,71.5,12.9,0,7,0,0,0
10/25/2020,68,51,59.5,1.3,5,0,0.1,0,0
10/26/2020,73,50,61.5,3.6,3,0,0.02,0,0
10/27/2020,77,53,65,7.5,0,0,0,0,0
10/28/2020,72,57,64.5,7.3,0,0,0.05,0,0
10/29/2020,82,68,75,18.2,0,10,0.01,0,0
10/30/2020,74,48,61,4.5,4,0,0.28,0,0
10/31/2020,60,44,52,-4.2,13,0,0,0,0
11/1/2020,63,48,55.5,-0.3,9,0,0.38,0,0
11/2/2020,54,35,44.5,-11,20,0,0,0,0
11/3/2020,66,33,49.5,-5.7,15,0,0,0,0
11/4/2020,70,37,53.5,-1.3,11,0,0,0,0
11/5/2020,74,40,57,2.5,8,0,0,0,0
11/6/2020,75,50,62.5,8.3,2,0,0,0,0
11/7/2020,77,54,65.5,11.6,0,1,0,0,0
11/8/2020,79,52,65.5,11.9,0,1,0,0,0
11/9/2020,76,53,64.5,11.2,0,0,0,0,0
11/10/2020,79,54,66.5,13.5,0,2,T,0,0
11/11/2020,78,68,73,20.3,0,8,0.23,0,0
11/12/2020,71,59,65,12.6,0,0,2.94,0,0
11/13/2020,67,51,59,6.9,6,0,T,0,0
11/14/2020,66,43,54.5,2.7,10,0,0,0,0
11/15/2020,76,51,63.5,12,1,0,T,0,0
11/16/2020,63,43,53,1.8,12,0,0,0,0
11/17/2020,62,35,48.5,-2.4,16,0,0,0,0
11/18/2020,52,31,41.5,-9.2,23,0,0,0,0
11/19/2020,57,28,42.5,-7.9,22,0,0,0,0
11/20/2020,69,31,50,-0.1,15,0,0,0,0
11/21/2020,73,41,57,7.1,8,0,0,0,0
11/22/2020,70,41,55.5,5.9,9,0,0,0,0
11/23/2020,63,40,51.5,2.1,13,0,0.01,0,0
11/24/2020,55,32,43.5,-5.6,21,0,0,0,0
11/25/2020,67,37,52,3.1,13,0,0,0,0
11/26/2020,68,55,61.5,12.9,3,0,0.02,0,0
11/27/2020,67,49,58,9.6,7,0,0,0,0
11/28/2020,67,41,54,5.9,11,0,0,0,0
11/29/2020,63,36,49.5,1.6,15,0,0.54,0,0
11/30/2020,69,46,57.5,9.8,7,0,1.17,0,0
12/1/2020,47,32,39.5,-7.9,25,0,0,0,0
12/2/2020,53,29,41,-6.2,24,0,0,0,0
12/3/2020,58,26,42,-5,23,0,0,0,0
12/4/2020,65,39,52,5.2,13,0,0.31,0,0
12/5/2020,57,37,47,0.4,18,0,0.08,0,0
12/6/2020,55,28,41.5,-4.8,23,0,0,0,0
12/7/2020,44,35,39.5,-6.6,25,0,0.35,T,0
12/8/2020,48,27,37.5,-8.4,27,0,0,0,0
12/9/2020,53,26,39.5,-6.2,25,0,0,0,0
12/10/2020,61,31,46,0.5,19,0,0,0,0
12/11/2020,68,35,51.5,6.2,13,0,0,0,0
12/12/2020,65,44,54.5,9.4,10,0,0,0,0
12/13/2020,69,50,59.5,14.6,5,0,0.07,0,0
12/14/2020,59,37,48,3.3,17,0,1.12,0,0
12/15/2020,45,29,37,-7.6,28,0,T,0,0
12/16/2020,39,35,37,-7.4,28,0,0.94,0,0
12/17/2020,52,35,43.5,-0.7,21,0,0,0,0
12/18/2020,48,29,38.5,-5.5,26,0,0,0,0
12/19/2020,49,26,37.5,-6.4,27,0,0,0,0
12/20/2020,46,35,40.5,-3.2,24,0,0.47,0,0
12/21/2020,55,42,48.5,4.9,16,0,0,0,0
12/22/2020,56,32,44,0.6,21,0,0,0,0
12/23/2020,57,27,42,-1.3,23,0,0,0,0
12/24/2020,65,49,57,13.9,8,0,1.76,0,0
12/25/2020,57,26,41.5,-1.5,23,0,0.05,T,0
12/26/2020,41,20,30.5,-12.3,34,0,0,0,0
12/27/2020,51,24,37.5,-5.2,27,0,0,0,0
12/28/2020,61,31,46,3.4,19,0,0,0,0
12/29/2020,51,32,41.5,-1,23,0,0,0,0
12/30/2020,46,26,36,-6.4,29,0,0.06,0,0
12/31/2020,55,41,48,5.7,17,0,0.41,0,0